{
    "XGB_Regressor": {
        "MAE": 0.5650449981321267,
        "RMSE": 0.5928435672927955,
        "R2_Score": 0.44439631367650967
    },
    "Random_Forest_Regressor": {
        "MAE": 0.5660760531742413,
        "RMSE": 0.5932878484175532,
        "R2_Score": 0.44397994037957644
    },
    "Gradient_Boosting_Regressor": {
        "MAE": 0.562975136902488,
        "RMSE": 0.5903745348734748,
        "R2_Score": 0.4467102521073357
    },
    "Decision_Tree_Regressor": {
        "MAE": 0.5670982949758903,
        "RMSE": 0.5960200845922282,
        "R2_Score": 0.4414193315203323
    }
}